{"cameraMode":{"drawMode":0,"name":"Shaded","section":"Shading Mode"},"sceneLighting":true,"audioPlay":false,"sceneViewState":{"m_AlwaysRefresh":false,"showFog":true,"showSkybox":false,"showFlares":true,"showImageEffects":true,"showParticleSystems":true,"showVisualEffectGraphs":true,"m_FxEnabled":true},"in2DMode":false,"pivot":{"x":19.120237350463868,"y":0.9673689007759094,"z":4.0783843994140629},"rotation":{"x":0.09676181524991989,"y":0.13425415754318238,"z":-0.013180756010115147,"w":0.9861356019973755},"size":1.3997557163238526,"orthographic":false}