{"cameraMode":{"drawMode":0,"name":"Shaded","section":"Shading Mode"},"sceneLighting":false,"audioPlay":false,"sceneViewState":{"m_AlwaysRefresh":false,"showFog":true,"showSkybox":false,"showFlares":true,"showImageEffects":true,"showParticleSystems":true,"showVisualEffectGraphs":true,"m_FxEnabled":true},"in2DMode":false,"pivot":{"x":-0.14033924043178559,"y":-0.3522697687149048,"z":0.9441899061203003},"rotation":{"x":-0.0063031441532075409,"y":0.993665874004364,"z":-0.07497583329677582,"w":-0.08367940038442612},"size":0.45656275749206545,"orthographic":false}